participant_id,session,participant_list,dataset,music_subset,no_music_subset,song,test_mode,music_first,block,trial,subset,image_filename,image_onset_ms,isi_dur_ms,question_shown,response,rt_ms
GAYA-ID_NUMBER,Baseline,4,Group_2,b,a,song_3.mp3,0,0,1,1,a,"185 - 250755 - Untitled (Paris, rue des Grands-Augustins).jpg",2848,5596,0,,
GAYA-ID_NUMBER,Baseline,4,Group_2,b,a,song_3.mp3,0,0,1,2,a,069 - 93343 - Red Light.jpg,12304,4045,1,no_response,
GAYA-ID_NUMBER,Baseline,4,Group_2,b,a,song_3.mp3,0,0,1,3,a,150 - 227588 - Untitled.jpg,20354,4840,0,,
GAYA-ID_NUMBER,Baseline,4,Group_2,b,a,song_3.mp3,0,0,1,4,a,055 - 23387 - Composition.jpg,28870,5425,1,no,6608
GAYA-ID_NUMBER,Baseline,4,Group_2,b,a,song_3.mp3,0,0,1,5,a,041 - 102235 - Amorosa Tropicalia.jpg,38464,5105,0,,
GAYA-ID_NUMBER,Baseline,4,Group_2,b,a,song_3.mp3,0,0,1,6,a,231 - 158639 - Blue Note.jpg,47530,5758,0,,
GAYA-ID_NUMBER,Baseline,4,Group_2,b,a,song_3.mp3,0,0,1,7,a,209 - 140613 - Figures.jpg,57080,5160,1,no,4190
GAYA-ID_NUMBER,Baseline,4,Group_2,b,a,song_3.mp3,0,0,1,8,a,143 - 78514 - Study.jpg,66063,5891,0,,
GAYA-ID_NUMBER,Baseline,4,Group_2,b,a,song_3.mp3,0,0,1,9,a,"062 - 63182 - Four Triangles within a Circle, #1.jpg",75496,6342,0,,
GAYA-ID_NUMBER,Baseline,4,Group_2,b,a,song_3.mp3,0,0,1,10,a,100 - 53632 - Unreal Construction.jpg,86012,5873,0,,
GAYA-ID_NUMBER,Baseline,4,Group_2,b,a,song_3.mp3,0,0,1,11,a,236 - 58842 - Garden on Debris.jpg,95879,5794,0,,
GAYA-ID_NUMBER,Baseline,4,Group_2,b,a,song_3.mp3,0,0,1,12,a,163 - 73402 - Constellation.jpg,106030,6335,0,,
GAYA-ID_NUMBER,Baseline,4,Group_2,b,a,song_3.mp3,0,0,1,13,a,166 - 22669 - Untitled.jpg,116465,6413,1,yes,7127
GAYA-ID_NUMBER,Baseline,4,Group_2,b,a,song_3.mp3,0,0,1,14,a,183 - 84256 - The Horse.jpg,131178,4621,1,no,4276
GAYA-ID_NUMBER,Baseline,4,Group_2,b,a,song_3.mp3,0,0,1,15,a,140 - 120817 - Composition.jpg,140090,3573,0,,
GAYA-ID_NUMBER,Baseline,4,Group_2,b,a,song_3.mp3,0,0,1,16,a,067 - 105078 - Fjord.jpg,148529,6336,0,,
GAYA-ID_NUMBER,Baseline,4,Group_2,b,a,song_3.mp3,0,0,1,17,a,167 - 186050 - The Second Part of the Return from Parnassus.jpg,165328,6470,0,,
GAYA-ID_NUMBER,Baseline,4,Group_2,b,a,song_3.mp3,0,0,1,18,a,107 - 80246 - Mosaic.jpg,187744,5018,0,,
GAYA-ID_NUMBER,Baseline,4,Group_2,b,a,song_3.mp3,0,0,1,19,a,162 - 117567 - Emergence.jpg,199277,6084,0,,
GAYA-ID_NUMBER,Baseline,4,Group_2,b,a,song_3.mp3,0,0,1,20,a,201 - 74164 - Symphony in Blue.jpg,209677,4465,0,,
GAYA-ID_NUMBER,Baseline,4,Group_2,b,a,song_3.mp3,0,0,1,21,a,181 - 62326 - Wings.jpg,218410,5254,0,,
GAYA-ID_NUMBER,Baseline,4,Group_2,b,a,song_3.mp3,0,0,1,22,a,102 - 63630 - Woman and Birds in Front of the Sun.jpg,228134,5350,0,,
GAYA-ID_NUMBER,Baseline,4,Group_2,b,a,song_3.mp3,0,0,1,23,a,136 - 6010 - Number 19.jpg,237509,3866,0,,
GAYA-ID_NUMBER,Baseline,4,Group_2,b,a,song_3.mp3,0,0,1,24,a,222 - 60254 - Invention.jpg,245317,3770,0,,
GAYA-ID_NUMBER,Baseline,4,Group_2,b,a,song_3.mp3,0,0,1,25,a,017 - 72177 - Heart of Darkness.jpg,252792,5247,1,no,2276
GAYA-ID_NUMBER,Baseline,4,Group_2,b,a,song_3.mp3,0,0,1,26,a,210 - 228638 - Galaxy (Fugetsudoten; e╠ü┬ó┬¿├ª┼ô╦åa╠è┬É┼Æa╠è┬ñ┬⌐).jpg,261993,3883,0,,
GAYA-ID_NUMBER,Baseline,4,Group_2,b,a,song_3.mp3,0,0,1,27,a,120 - 158376 - La Campagna Series #10.jpg,269531,4695,0,,
GAYA-ID_NUMBER,Baseline,4,Group_2,b,a,song_3.mp3,0,0,1,28,a,121 - 135521 - Untitled.jpg,278332,4368,0,,
GAYA-ID_NUMBER,Baseline,4,Group_2,b,a,song_3.mp3,0,0,1,29,a,116 - 102695 - Untitled.jpg,287576,4998,0,,
GAYA-ID_NUMBER,Baseline,4,Group_2,b,a,song_3.mp3,0,0,1,30,a,043 - 129141 - Study for the Oracle.jpg,296915,5314,0,,
GAYA-ID_NUMBER,Baseline,4,Group_2,b,a,song_3.mp3,0,0,2,1,b,133 - 35450 - The Three Look the Other Way.jpg,4225,5439,0,,
GAYA-ID_NUMBER,Baseline,4,Group_2,b,a,song_3.mp3,0,0,2,2,b,"138 - 30972 - Yea, They're Bucking Up Old Bob.jpg",13765,5734,0,,
GAYA-ID_NUMBER,Baseline,4,Group_2,b,a,song_3.mp3,0,0,2,3,b,230 - 12415 - Growth.jpg,23315,6178,0,,
GAYA-ID_NUMBER,Baseline,4,Group_2,b,a,song_3.mp3,0,0,2,4,b,213 - 217465 - Reflections in Space.jpg,33499,6319,0,,
GAYA-ID_NUMBER,Baseline,4,Group_2,b,a,song_3.mp3,0,0,2,5,b,025 - 66164 - Homage to the Square New Light.jpg,43515,4722,0,,
GAYA-ID_NUMBER,Baseline,4,Group_2,b,a,song_3.mp3,0,0,2,6,b,075 - 210682 - Carnival.jpg,53465,5813,1,yes,4265
GAYA-ID_NUMBER,Baseline,4,Group_2,b,a,song_3.mp3,0,0,2,7,b,020 - 66201 - Dewey Square.jpg,63481,6116,1,yes,3504
GAYA-ID_NUMBER,Baseline,4,Group_2,b,a,song_3.mp3,0,0,2,8,b,149 - 73496 - Hydra.jpg,77281,4639,0,,
GAYA-ID_NUMBER,Baseline,4,Group_2,b,a,song_3.mp3,0,0,2,9,b,225 - 129138 - Study for El Meusaje.jpg,88947,6194,0,,
GAYA-ID_NUMBER,Baseline,4,Group_2,b,a,song_3.mp3,0,0,2,10,b,153 - 102580 - Otium cum Dignitade.jpg,99730,5799,1,no,3753
GAYA-ID_NUMBER,Baseline,4,Group_2,b,a,song_3.mp3,0,0,2,11,b,115 - 117568 - Fragment.jpg,113580,3619,1,no,3486
GAYA-ID_NUMBER,Baseline,4,Group_2,b,a,song_3.mp3,0,0,2,12,b,233 - 107328 - Composition with Red Frame.jpg,121763,5111,0,,
GAYA-ID_NUMBER,Baseline,4,Group_2,b,a,song_3.mp3,0,0,2,13,b,194 - 53599 - Blooming Plant.jpg,133779,5133,1,yes,3505
GAYA-ID_NUMBER,Baseline,4,Group_2,b,a,song_3.mp3,0,0,2,14,b,196 - 8987 - Painting with Green Center.jpg,143913,4607,0,,
GAYA-ID_NUMBER,Baseline,4,Group_2,b,a,song_3.mp3,0,0,2,15,b,082 - 244936 - Windcatchers in Pink.jpg,152713,5131,0,,
GAYA-ID_NUMBER,Baseline,4,Group_2,b,a,song_3.mp3,0,0,2,16,b,147 - 105533 - Broadway.jpg,161996,4469,0,,
GAYA-ID_NUMBER,Baseline,4,Group_2,b,a,song_3.mp3,0,0,2,17,b,019 - 20397 - First Theme.jpg,170262,4657,0,,
GAYA-ID_NUMBER,Baseline,4,Group_2,b,a,song_3.mp3,0,0,2,18,b,101 - 208201 - Untitled.jpg,179028,5497,0,,
GAYA-ID_NUMBER,Baseline,4,Group_2,b,a,song_3.mp3,0,0,2,19,b,105 - 5394 - Untitled.jpg,190012,3526,0,,
GAYA-ID_NUMBER,Baseline,4,Group_2,b,a,song_3.mp3,0,0,2,20,b,130 - 209911 - Circum I.jpg,197345,6396,1,yes,3640
GAYA-ID_NUMBER,Baseline,4,Group_2,b,a,song_3.mp3,0,0,2,21,b,028 - 60623 - Quadrangles in Two Planes.jpg,208228,5658,0,,
GAYA-ID_NUMBER,Baseline,4,Group_2,b,a,song_3.mp3,0,0,2,22,b,108 - 229392 - Work.jpg,219228,4344,0,,
GAYA-ID_NUMBER,Baseline,4,Group_2,b,a,song_3.mp3,0,0,2,23,b,031 - 20430 - Born in Snovsk.jpg,229494,6135,0,,
GAYA-ID_NUMBER,Baseline,4,Group_2,b,a,song_3.mp3,0,0,2,24,b,189 - 185780 - Figure in Pink and Yellow.jpg,239927,4445,0,,
GAYA-ID_NUMBER,Baseline,4,Group_2,b,a,song_3.mp3,0,0,2,25,b,155 - 50285 - Undersea Tensions.jpg,248394,4143,0,,
GAYA-ID_NUMBER,Baseline,4,Group_2,b,a,song_3.mp3,0,0,2,26,b,057 - 5421 - Untitled.jpg,256394,5238,0,,
GAYA-ID_NUMBER,Baseline,4,Group_2,b,a,song_3.mp3,0,0,2,27,b,132 - 256803 - Untitled.jpg,265210,4529,1,yes,4314
GAYA-ID_NUMBER,Baseline,4,Group_2,b,a,song_3.mp3,0,0,2,28,b,142 - 156077 - Transom #2 (Twilight).jpg,273660,5970,0,,
GAYA-ID_NUMBER,Baseline,4,Group_2,b,a,song_3.mp3,0,0,2,29,b,208 - 2825 - The Idols.jpg,283693,3632,0,,
GAYA-ID_NUMBER,Baseline,4,Group_2,b,a,song_3.mp3,0,0,2,30,b,170 - 185759 - Halleluiah.jpg,291543,3821,0,,
GAYA-ID_NUMBER,Baseline,4,Group_2,b,a,song_3.mp3,0,0,music_rating,,,,,,,valence:4 arousal:4,
